0.03121490314304806,0.2662728401327685,0.43885460585756436,0.0
0.031214903143047274,0.2662728401327674,0.43885460585756914,0.0
0.031214903143042972,0.26627284013276853,0.43885460585757047,0.0
0.03121490314304849,0.2662728401327667,0.4388546058575678,0.0
0.03121490314304987,0.266272840132767,0.43885460585756675,0.0
0.0,0.0,0.727250643768058,0.0
0.0,0.0,0.7272506437680464,0.0
0.0,0.0,0.727250643768048,0.0
0.0,0.0,0.727250643768057,0.0
0.0,0.0,0.7272506437680393,0.0
0.0,0.0,0.7272506437680328,0.0
0.0,0.0,0.7272506437680457,0.0
0.0,0.0,0.7272506437680442,0.0
0.0,0.0,0.7272506437680443,0.0
0.0,0.0,0.7272506437680463,0.0
0.0,0.0,0.7272506437680416,0.0
0.0,0.0,0.7272506437680476,0.0
0.0,0.0,0.7272506437680395,0.0
0.0,0.0,0.7272506437680394,0.0
0.0,0.0,0.727250643768039,0.0
0.0,0.0,0.7272506437680476,0.0
0.0,0.0,0.7272506437680363,0.0
0.0,0.0,0.7272506437680342,0.0
0.0,0.0,0.7272506437680413,0.0
0.0,0.0,0.7272506437680389,0.0
0.031214903143048096,0.2662728401327676,0.4388546058575659,0.0
0.0312149031430473,0.2662728401327667,0.43885460585756897,0.0
0.031214903143053446,0.26627284013276176,0.4388546058575705,0.0
0.0312149031430471,0.26627284013276753,0.43885460585756797,0.0
0.031214903143052287,0.2662728401327651,0.43885460585757075,0.0
0.031214903143043957,0.2662728401327696,0.4388546058575709,0.0
0.03121490314304599,0.2662728401327664,0.43885460585757224,0.0
0.031214903143049727,0.26627284013276453,0.4388546058575709,0.0
0.031214903143046726,0.2662728401327665,0.43885460585756886,0.0
0.031214903143047878,0.2662728401327672,0.43885460585756897,0.0
0.031214903143046955,0.266272840132767,0.4388546058575689,0.0
0.031214903143051045,0.2662728401327665,0.4388546058575699,0.0
0.031214903143039454,0.2662728401327683,0.438854605857572,0.0
0.031214903143040096,0.2662728401327687,0.43885460585757036,0.0
0.031214903143043093,0.266272840132769,0.43885460585756875,0.0
0.0,0.0,0.7272506437680416,0.0
0.0,0.0,0.7272506437680408,0.0
0.0,0.0,0.7272506437680422,0.0
0.0,0.0,0.7272506437680425,0.0
0.0,0.0,0.7272506437680424,0.0
0.0,0.0,0.7272506437680413,0.0
0.0,0.0,0.7272506437680409,0.0
0.0,0.0,0.7272506437680445,0.0
0.0,0.0,0.7272506437680446,0.0
0.0,0.0,0.7272506437680524,0.0
0.031214903143050535,0.26627284013276764,0.4388546058575657,0.0
0.031214903143046032,0.26627284013276736,0.438854605857569,0.0
0.03121490314304807,0.26627284013276464,0.43885460585757124,0.0
0.03121490314304912,0.2662728401327659,0.43885460585756614,0.0
0.031214903143045963,0.2662728401327674,0.4388546058575689,0.0
0.031214903143048554,0.2662728401327706,0.4388546058575699,0.0
0.03121490314304912,0.2662728401327656,0.4388546058575705,0.0
0.03121490314304141,0.2662728401327679,0.4388546058575737,0.0
0.03121490314304545,0.2662728401327655,0.4388546058575732,0.0
0.03121490314303855,0.2662728401327699,0.4388546058575708,0.0
0.03121490314304172,0.26627284013276864,0.4388546058575715,0.0
0.031214903143046046,0.2662728401327672,0.43885460585757047,0.0
0.031214903143046042,0.2662728401327669,0.43885460585756975,0.0
0.03121490314304423,0.26627284013276775,0.4388546058575714,0.0
0.03121490314305018,0.26627284013276503,0.43885460585757136,0.0
0.0312149031430432,0.26627284013276786,0.43885460585757036,0.0
0.03121490314304929,0.2662728401327659,0.43885460585756697,0.0
0.031214903143045432,0.2662728401327673,0.4388546058575706,0.0
0.03121490314304418,0.2662728401327675,0.4388546058575715,0.0
0.031214903143042178,0.26627284013276736,0.438854605857572,0.0
0.0,0.0,0.7272506437680385,0.0
0.0,0.0,0.7272506437680413,0.0
0.0,0.0,0.7272506437680408,0.0
0.0,0.0,0.7272506437680423,0.0
0.0,0.0,0.7272506437680427,0.0
0.031214903143049973,0.2662728401327661,0.438854605857567,0.0
0.031214903143049044,0.2662728401327669,0.43885460585756697,0.0
0.031214903143046733,0.26627284013276625,0.4388546058575702,0.0
0.03121490314304967,0.26627284013277014,0.4388546058575617,0.0
0.031214903143046615,0.2662728401327657,0.4388546058575711,0.0
0.031214903143042493,0.2662728401327698,0.4388546058575699,0.0
0.031214903143046074,0.26627284013276686,0.4388546058575699,0.0
0.031214903143050598,0.26627284013276403,0.43885460585757136,0.0
0.031214903143046733,0.2662728401327673,0.4388546058575683,0.0
0.03121490314304867,0.26627284013276653,0.4388546058575675,0.0
0.03121490314304593,0.26627284013276675,0.4388546058575712,0.0
0.031214903143040578,0.2662728401327695,0.4388546058575699,0.0
0.031214903143045668,0.26627284013276725,0.43885460585757047,0.0
0.031214903143047576,0.26627284013276575,0.43885460585757,0.0
0.03121490314304881,0.26627284013276575,0.43885460585756925,0.0
0.03121490314303933,0.26627284013276864,0.4388546058575715,0.0
0.031214903143046344,0.2662728401327669,0.4388546058575697,0.0
0.03121490314304115,0.26627284013276886,0.4388546058575705,0.0
0.031214903143049148,0.26627284013276603,0.43885460585756975,0.0
0.031214903143055153,0.2662728401327624,0.43885460585756975,0.0
0.0,0.0,0.7272506437680418,0.0
0.0,0.0,0.7272506437680416,0.0
0.0,0.0,0.7272506437680413,0.0
0.0,0.0,0.7272506437680414,0.0
0.0,0.0,0.7272506437680425,0.0
0.031214903143048818,0.2662728401327667,0.4388546058575683,0.0
0.0,0.565377193059657,0.0,0.0
0.0,0.5653771930596572,0.0,0.0
0.0,0.565377193059657,0.0,0.0
0.0,0.5653771930596565,0.0,0.0
0.0,0.28229964014654113,0.4388546058575701,0.0
0.0,0.28229964014654296,0.4388546058575699,0.0
0.0,0.2822996401465454,0.4388546058575646,0.0
0.0,0.28229964014654063,0.4388546058575725,0.0
0.0,0.282299640146542,0.4388546058575689,0.0
0.0,0.28229964014654113,0.43885460585757,0.0
0.0,0.28229964014654235,0.43885460585757036,0.0
0.0,0.2822996401465415,0.4388546058575699,0.0
0.031214903143048207,0.2662728401327652,0.43885460585757063,0.0
0.0,0.282299640146542,0.438854605857569,0.0
0.0,0.28229964014654,0.4388546058575715,0.0
0.0,0.2822996401465414,0.4388546058575699,0.0
0.0,0.2822996401465415,0.4388546058575699,0.0
0.03121490314304757,0.26627284013276675,0.43885460585756847,0.0
0.0,0.2822996401465398,0.4388546058575726,0.0
0.031214903143042174,0.2662728401327676,0.43885460585757075,0.0
0.031214903143044224,0.2662728401327669,0.4388546058575712,0.0
0.031214903143041938,0.26627284013276853,0.43885460585757075,0.0
0.03121490314304534,0.2662728401327688,0.43885460585756814,0.0
0.031214903143042632,0.2662728401327674,0.43885460585756975,0.0
0.031214903143046775,0.26627284013276803,0.43885460585756914,0.0
0.031214903143047985,0.26627284013276653,0.4388546058575685,0.0
0.031214903143045435,0.2662728401327658,0.43885460585757097,0.0
0.031214903143046955,0.26627284013276403,0.4388546058575702,0.0
0.031214903143047527,0.2662728401327661,0.4388546058575704,0.0
0.0,0.0,0.7272506437680497,0.0
0.0,0.0,0.7272506437680548,0.0
0.0,0.0,0.7272506437680515,0.0
0.0,0.0,0.7272506437680499,0.0
0.0,0.0,0.7272506437680564,0.0
0.0,0.0,0.7272506437680484,0.0
0.0,0.0,0.727250643768044,0.0
0.0,0.0,0.7272506437680469,0.0
0.0,0.0,0.72725064376805,0.0
0.0,0.0,0.7272506437680517,0.0
0.0,0.0,0.7272506437680513,0.0
0.0,0.0,0.7272506437680453,0.0
0.0,0.0,0.7272506437680462,0.0
0.0,0.0,0.7272506437680463,0.0
0.0,0.0,0.7272506437680355,0.0
0.0,0.0,0.7272506437680331,0.0
0.0,0.0,0.727250643768046,0.0
0.0,0.0,0.727250643768046,0.0
0.0,0.0,0.7272506437680324,0.0
0.0,0.0,0.7272506437680448,0.0
0.03121490314304695,0.2662728401327668,0.43885460585756936,0.0
0.03121490314304695,0.266272840132767,0.43885460585756814,0.0
0.031214903143047784,0.2662728401327665,0.4388546058575689,0.0
0.03121490314304643,0.26627284013276514,0.43885460585757213,0.0
0.031214903143049037,0.2662728401327644,0.4388546058575708,0.0
0.0312149031430468,0.26627284013276953,0.43885460585756597,0.0
0.031214903143051607,0.2662728401327676,0.4388546058575646,0.0
0.031214903143045033,0.2662728401327678,0.43885460585757086,0.0
0.0312149031430501,0.26627284013276253,0.4388546058575736,0.0
0.03121490314304145,0.2662728401327677,0.43885460585757124,0.0
0.03121490314304425,0.26627284013276786,0.4388546058575701,0.0
0.031214903143045147,0.26627284013276814,0.438854605857568,0.0
0.03121490314304172,0.2662728401327603,0.4388546058575789,0.0
0.0312149031430458,0.26627284013276653,0.4388546058575695,0.0
0.031214903143049814,0.26627284013276525,0.43885460585756775,0.0
0.0,0.0,0.7272506437680477,0.0
0.0,0.0,0.7272506437680435,0.0
0.0,0.0,0.7272506437680459,0.0
0.0,0.0,0.7272506437680465,0.0
0.0,0.0,0.7272506437680439,0.0
0.0,0.0,0.7272506437680402,0.0
0.0,0.0,0.7272506437680489,0.0
0.0,0.0,0.7272506437680273,0.0
0.0,0.0,0.7272506437680463,0.0
0.0,0.0,0.7272506437680463,0.0
0.03121490314304695,0.2662728401327647,0.4388546058575695,0.0
0.031214903143047295,0.2662728401327658,0.4388546058575696,0.0
0.031214903143046164,0.2662728401327655,0.43885460585757163,0.0
0.031214903143047666,0.2662728401327646,0.4388546058575728,0.0
0.0312149031430473,0.2662728401327672,0.43885460585756825,0.0
0.03121490314304842,0.266272840132766,0.438854605857568,0.0
0.03121490314304478,0.2662728401327667,0.43885460585757047,0.0
0.031214903143046056,0.26627284013276786,0.43885460585756864,0.0
0.03121490314304342,0.2662728401327673,0.4388546058575705,0.0
0.031214903143049453,0.26627284013276625,0.4388546058575686,0.0
0.031214903143048922,0.2662728401327658,0.4388546058575677,0.0
0.03121490314304335,0.26627284013276786,0.43885460585757113,0.0
0.031214903143046813,0.26627284013276686,0.4388546058575709,0.0
0.031214903143038843,0.2662728401327681,0.43885460585757385,0.0
0.031214903143043468,0.2662728401327678,0.43885460585756947,0.0
0.031214903143043083,0.2662728401327688,0.4388546058575712,0.0
0.031214903143044988,0.2662728401327675,0.43885460585757075,0.0
0.03121490314304729,0.26627284013276725,0.4388546058575669,0.0
0.031214903143046643,0.26627284013276625,0.4388546058575692,0.0
0.031214903143044224,0.2662728401327671,0.4388546058575714,0.0
0.0,0.0,0.7272506437680405,0.0
0.0,0.0,0.7272506437680475,0.0
0.0,0.0,0.7272506437680475,0.0
0.0,0.0,0.7272506437680448,0.0
0.0,0.0,0.7272506437680447,0.0
0.03121490314304695,0.26627284013276403,0.43885460585757,0.0
0.031214903143048322,0.26627284013276487,0.43885460585757197,0.0
0.031214903143049262,0.2662728401327645,0.43885460585757174,0.0
0.03121490314304855,0.26627284013276625,0.43885460585756864,0.0
0.03121490314304999,0.2662728401327641,0.4388546058575675,0.0
0.03121490314304782,0.26627284013276575,0.4388546058575698,0.0
0.03121490314304833,0.2662728401327662,0.43885460585756975,0.0
0.03121490314304695,0.2662728401327665,0.43885460585756947,0.0
0.031214903143049352,0.26627284013276475,0.4388546058575707,0.0
0.03121490314304743,0.2662728401327657,0.4388546058575704,0.0
0.031214903143047174,0.2662728401327665,0.43885460585756636,0.0
0.031214903143048083,0.2662728401327666,0.43885460585756786,0.0
0.031214903143051517,0.2662728401327667,0.43885460585756453,0.0
0.03121490314305129,0.2662728401327667,0.43885460585756464,0.0
0.03121490314304898,0.26627284013276514,0.4388546058575705,0.0
0.031214903143045848,0.26627284013276653,0.4388546058575699,0.0
0.031214903143045362,0.26627284013276736,0.4388546058575717,0.0
0.031214903143043753,0.26627284013276714,0.43885460585757047,0.0
0.031214903143042393,0.26627284013276675,0.43885460585757213,0.0
0.031214903143046032,0.26627284013276736,0.438854605857569,0.0
0.0,0.0,0.7272506437680427,0.0
0.0,0.0,0.7272506437680402,0.0
0.0,0.0,0.7272506437680605,0.0
0.0,0.0,0.7272506437680449,0.0
0.0,0.0,0.7272506437680534,0.0
0.031214903143048638,0.5493503930458803,0.0,0.0
0.031214903143048842,0.5493503930458808,0.0,0.0
0.031214903143050057,0.5493503930458804,0.0,0.0
0.031214903143049876,0.5493503930458803,0.0,0.0
0.031214903143047472,0.26627284013276686,0.4388546058575685,0.0
0.031214903143046827,0.2662728401327658,0.43885460585757036,0.0
0.03121490314304695,0.26627284013276653,0.43885460585756975,0.0
0.031214903143047326,0.26627284013276614,0.43885460585757086,0.0
0.03121490314304824,0.2662728401327662,0.43885460585756975,0.0
0.03121490314304585,0.2662728401327675,0.4388546058575689,0.0
0.03121490314304593,0.26627284013276653,0.4388546058575699,0.0
0.031214903143045748,0.26627284013276703,0.4388546058575708,0.0
0.03121490314304969,0.2662728401327669,0.4388546058575679,0.0
0.03121490314304434,0.2662728401327673,0.43885460585757136,0.0
0.031214903143048697,0.2662728401327648,0.4388546058575719,0.0
0.03121490314304616,0.2662728401327665,0.4388546058575699,0.0
0.03121490314304193,0.2662728401327686,0.43885460585757047,0.0
0.031214903143043683,0.2662728401327678,0.43885460585757025,0.0
0.031214903143045963,0.26627284013276686,0.4388546058575701,0.0
0.031214903143048086,0.2662728401327655,0.43885460585757063,0.0
0.031214903143045192,0.26627284013276603,0.43885460585756986,0.0
0.03121490314304092,0.2662728401327689,0.4388546058575711,0.0
0.031214903143043357,0.2662728401327676,0.43885460585757036,0.0
0.03121490314304458,0.2662728401327673,0.4388546058575699,0.0
0.031214903143053332,0.26627284013276387,0.4388546058575685,0.0
0.03121490314304695,0.26627284013276775,0.4388546058575685,0.0
0.031214903143047184,0.2662728401327666,0.4388546058575693,0.0
0.03121490314304584,0.2662728401327663,0.438854605857569,0.0
0.031214903143046112,0.26627284013276703,0.43885460585756886,0.0
0.031214903143053294,0.26627284013276475,0.4388546058575681,0.0
0.0,0.0,0.7272506437680492,0.0
0.0,0.0,0.7272506437680564,0.0
0.0,0.0,0.7272506437680586,0.0
0.0,0.0,0.7272506437680436,0.0
0.0,0.0,0.727250643768053,0.0
0.0,0.0,0.7272506437680454,0.0
0.0,0.0,0.7272506437680469,0.0
0.0,0.0,0.7272506437680453,0.0
0.0,0.0,0.7272506437680452,0.0
0.0,0.0,0.7272506437680543,0.0
0.0,0.0,0.7272506437680439,0.0
0.0,0.0,0.727250643768046,0.0
0.0,0.0,0.7272506437680527,0.0
0.0,0.0,0.7272506437680436,0.0
0.0,0.0,0.7272506437680539,0.0
0.0,0.0,0.7272506437680297,0.0
0.0,0.0,0.7272506437680442,0.0
0.0,0.0,0.7272506437680472,0.0
0.0,0.0,0.7272506437680389,0.0
0.0,0.0,0.7272506437680412,0.0
0.031214903143047205,0.26627284013276675,0.4388546058575678,0.0
0.03121490314304695,0.26627284013276525,0.43885460585756875,0.0
0.03121490314304695,0.2662728401327655,0.43885460585757097,0.0
0.031214903143047416,0.26627284013276736,0.4388546058575676,0.0
0.03121490314304808,0.2662728401327659,0.43885460585757,0.0
0.03121490314304695,0.2662728401327661,0.4388546058575685,0.0
0.031214903143047097,0.2662728401327703,0.4388546058575663,0.0
0.03121490314304562,0.26627284013276675,0.4388546058575685,0.0
0.031214903143047937,0.2662728401327655,0.4388546058575695,0.0
0.031214903143046556,0.2662728401327663,0.43885460585757036,0.0
0.03121490314304635,0.2662728401327662,0.43885460585756864,0.0
0.03121490314305449,0.26627284013276786,0.4388546058575588,0.0
0.031214903143045595,0.2662728401327664,0.43885460585757013,0.0
0.0312149031430543,0.26627284013276875,0.438854605857562,0.0
0.031214903143047666,0.266272840132765,0.43885460585757224,0.0
0.0,0.0,0.7272506437680457,0.0
0.0,0.0,0.7272506437680448,0.0
0.0,0.0,0.7272506437680478,0.0
0.0,0.0,0.7272506437680479,0.0
0.0,0.0,0.727250643768042,0.0
0.0,0.0,0.7272506437680416,0.0
0.0,0.0,0.727250643768053,0.0
0.0,0.0,0.7272506437680456,0.0
0.0,0.0,0.7272506437680457,0.0
0.0,0.0,0.727250643768042,0.0
0.03121490314304695,0.2662728401327675,0.4388546058575673,0.0
0.03121490314304695,0.2662728401327661,0.43885460585757013,0.0
0.03121490314304695,0.2662728401327643,0.4388546058575732,0.0
0.03121490314304531,0.26627284013276786,0.4388546058575687,0.0
0.031214903143047333,0.26627284013276636,0.4388546058575696,0.0
0.031214903143049512,0.2662728401327702,0.4388546058575644,0.0
0.03121490314304566,0.2662728401327669,0.4388546058575698,0.0
0.031214903143047704,0.26627284013276703,0.4388546058575681,0.0
0.031214903143048957,0.26627284013276664,0.43885460585756875,0.0
0.03121490314304681,0.26627284013276636,0.4388546058575701,0.0
0.031214903143050452,0.26627284013276675,0.4388546058575663,0.0
0.03121490314304748,0.26627284013276703,0.4388546058575683,0.0
0.031214903143047094,0.26627284013276586,0.4388546058575688,0.0
0.03121490314304179,0.2662728401327663,0.4388546058575745,0.0
0.03121490314304842,0.2662728401327648,0.4388546058575708,0.0
0.03121490314304557,0.2662728401327667,0.43885460585757013,0.0
0.031214903143049012,0.26627284013276614,0.4388546058575694,0.0
0.03121490314304739,0.26627284013276864,0.4388546058575657,0.0
0.031214903143050116,0.26627284013276653,0.43885460585756414,0.0
0.03121490314304764,0.26627284013276675,0.43885460585756947,0.0
0.0,0.0,0.7272506437680396,0.0
0.0,0.0,0.7272506437680519,0.0
0.0,0.0,0.7272506437680494,0.0
0.0,0.0,0.7272506437680445,0.0
0.0,0.0,0.7272506437680439,0.0
0.031214903143047246,0.2662728401327662,0.4388546058575692,0.0
0.031214903143047097,0.2662728401327654,0.438854605857572,0.0
0.031214903143046157,0.2662728401327624,0.43885460585757596,0.0
0.03121490314304689,0.26627284013276536,0.43885460585757124,0.0
0.03121490314304833,0.26627284013276187,0.4388546058575736,0.0
0.031214903143047246,0.26627284013276553,0.43885460585757025,0.0
0.031214903143047458,0.26627284013276614,0.43885460585756764,0.0
0.03121490314304904,0.2662728401327668,0.4388546058575651,0.0
0.031214903143046896,0.2662728401327651,0.43885460585757186,0.0
0.031214903143050192,0.2662728401327662,0.43885460585756636,0.0
0.03121490314304585,0.2662728401327665,0.43885460585757136,0.0
0.03121490314304609,0.2662728401327663,0.43885460585756925,0.0
0.031214903143046913,0.2662728401327663,0.43885460585757086,0.0
0.03121490314304709,0.266272840132767,0.4388546058575671,0.0
0.031214903143047798,0.2662728401327657,0.4388546058575705,0.0
0.03121490314304406,0.2662728401327673,0.43885460585757,0.0
0.031214903143045165,0.266272840132767,0.4388546058575705,0.0
0.031214903143046136,0.2662728401327673,0.43885460585756864,0.0
0.031214903143045755,0.2662728401327682,0.4388546058575669,0.0
0.031214903143048606,0.266272840132767,0.4388546058575676,0.0
0.0,0.0,0.7272506437680644,0.0
0.0,0.0,0.7272506437680596,0.0
0.0,0.0,0.7272506437680474,0.0
0.0,0.0,0.7272506437680515,0.0
0.0,0.0,0.7272506437680446,0.0
0.03121490314304918,0.54935039304588,0.0,0.0
0.03121490314304695,0.5493503930458805,0.0,0.0
0.031214903143047302,0.549350393045881,0.0,0.0
0.031214903143047364,0.5493503930458812,0.0,0.0
0.031214903143048575,0.5493503930458804,0.0,0.0
0.031214903143047246,0.26627284013276525,0.43885460585757063,0.0
0.03121490314304727,0.26627284013276675,0.4388546058575674,0.0
0.03121490314304725,0.2662728401327677,0.43885460585756625,0.0
0.031214903143048207,0.2662728401327657,0.43885460585757063,0.0
0.03121490314304764,0.2662728401327643,0.4388546058575727,0.0
0.031214903143044453,0.26627284013276736,0.4388546058575698,0.0
0.031214903143052853,0.2662728401327671,0.4388546058575653,0.0
0.031214903143045404,0.2662728401327668,0.4388546058575705,0.0
0.03121490314305002,0.26627284013276675,0.43885460585756836,0.0
0.031214903143047465,0.26627284013276514,0.4388546058575722,0.0
0.03121490314304616,0.2662728401327665,0.4388546058575699,0.0
0.031214903143046157,0.2662728401327667,0.4388546058575698,0.0
0.03121490314304699,0.2662728401327668,0.43885460585756936,0.0
0.031214903143044346,0.26627284013276725,0.4388546058575707,0.0
0.031214903143047753,0.2662728401327648,0.43885460585757236,0.0
0.03121490314304749,0.2662728401327686,0.43885460585756625,0.0
0.031214903143046074,0.26627284013276703,0.4388546058575699,0.0
0.03121490314305124,0.2662728401327653,0.4388546058575656,0.0
0.031214903143049443,0.2662728401327663,0.4388546058575676,0.0
0.031214903143042514,0.26627284013276714,0.43885460585757297,0.0
0.29651579134796924,0.0,0.4388546058575731,0.0
0.2965157913479685,0.0,0.4388546058575743,0.0
0.2965157913479693,0.0,0.4388546058575732,0.0
0.296515791347969,0.0,0.43885460585757363,0.0
0.2965157913479782,0.0,0.0,0.4218788271060225
0.0,0.0,0.7272506437680519,0.0
0.0,0.0,0.7272506437680575,0.0
0.0,0.0,0.7272506437680561,0.0
0.0,0.0,0.7272506437680606,0.0
0.0,0.0,0.7272506437680596,0.0
0.0,0.0,0.7272506437680487,0.0
0.0,0.0,0.7272506437680463,0.0
0.0,0.0,0.7272506437680507,0.0
0.0,0.0,0.7272506437680474,0.0
0.0,0.0,0.7272506437680556,0.0
0.0,0.0,0.727250643768048,0.0
0.0,0.0,0.7272506437680447,0.0
0.0,0.0,0.7272506437680547,0.0
0.0,0.0,0.7272506437680549,0.0
0.0,0.0,0.7272506437680539,0.0
0.0,0.0,0.7272506437680527,0.0
0.0,0.0,0.7272506437680462,0.0
0.0,0.0,0.727250643768047,0.0
0.0,0.0,0.7272506437680453,0.0
0.0,0.0,0.7272506437680475,0.0
0.031214903143047756,0.2662728401327645,0.43885460585756775,0.0
0.03121490314304695,0.26627284013276653,0.438854605857569,0.0
0.03121490314304657,0.2662728401327673,0.43885460585756786,0.0
0.03121490314304695,0.2662728401327666,0.438854605857568,0.0
0.031214903143048516,0.2662728401327651,0.43885460585756986,0.0
0.03121490314304695,0.2662728401327664,0.43885460585756975,0.0
0.031214903143047645,0.26627284013276603,0.4388546058575685,0.0
0.031214903143051354,0.2662728401327638,0.4388546058575672,0.0
0.031214903143050053,0.2662728401327634,0.4388546058575677,0.0
0.031214903143047,0.2662728401327675,0.43885460585756797,0.0
0.0312149031430479,0.26627284013276653,0.4388546058575683,0.0
0.03121490314304482,0.26627284013276753,0.4388546058575697,0.0
0.03121490314304387,0.2662728401327673,0.43885460585757097,0.0
0.03121490314305103,0.26627284013276636,0.438854605857564,0.0
0.03121490314304579,0.266272840132766,0.43885460585757086,0.0
0.0,0.0,0.7272506437680464,0.0
0.0,0.0,0.7272506437680472,0.0
0.0,0.0,0.7272506437680423,0.0
0.0,0.0,0.7272506437680466,0.0
0.0,0.0,0.7272506437680479,0.0
0.0,0.0,0.7272506437680505,0.0
0.0,0.0,0.7272506437680372,0.0
0.0,0.0,0.7272506437680372,0.0
0.0,0.0,0.7272506437680484,0.0
0.0,0.0,0.7272506437680444,0.0
0.031214903143047232,0.26627284013276453,0.4388546058575683,0.0
0.031214903143046865,0.2662728401327635,0.43885460585757446,0.0
0.03121490314304695,0.26627284013276464,0.4388546058575722,0.0
0.03121490314304657,0.2662728401327676,0.4388546058575674,0.0
0.031214903143048214,0.2662728401327637,0.438854605857574,0.0
0.031214903143047243,0.266272840132764,0.4388546058575694,0.0
0.03121490314304722,0.26627284013276575,0.43885460585756747,0.0
0.031214903143047222,0.2662728401327667,0.4388546058575677,0.0
0.031214903143047028,0.2662728401327656,0.4388546058575712,0.0
0.031214903143045807,0.26627284013276403,0.4388546058575742,0.0
0.031214903143046445,0.26627284013276825,0.4388546058575678,0.0
0.031214903143043534,0.26627284013277075,0.4388546058575656,0.0
0.031214903143045737,0.2662728401327656,0.438854605857569,0.0
0.03121490314304914,0.2662728401327645,0.4388546058575676,0.0
0.031214903143050046,0.2662728401327659,0.43885460585756864,0.0
0.031214903143049876,0.2662728401327663,0.4388546058575663,0.0
0.03121490314304828,0.26627284013276625,0.43885460585756964,0.0
0.031214903143046587,0.2662728401327674,0.43885460585756825,0.0
0.031214903143049273,0.26627284013276703,0.43885460585756525,0.0
0.03121490314304929,0.2662728401327624,0.43885460585757113,0.0
0.0,0.0,0.7272506437680546,0.0
0.0,0.0,0.7272506437680494,0.0
0.0,0.0,0.7272506437680639,0.0
0.0,0.0,0.7272506437680499,0.0
0.0,0.0,0.7272506437680444,0.0
0.03121490314304695,0.2662728401327663,0.43885460585757197,0.0
0.03121490314304695,0.2662728401327652,0.4388546058575714,0.0
0.03121490314304695,0.26627284013276425,0.43885460585757274,0.0
0.031214903143046854,0.26627284013276525,0.4388546058575714,0.0
0.03121490314304833,0.26627284013276303,0.43885460585757075,0.0
0.031214903143047246,0.26627284013276586,0.4388546058575697,0.0
0.03121490314304695,0.2662728401327659,0.4388546058575672,0.0
0.031214903143047135,0.2662728401327647,0.4388546058575726,0.0
0.03121490314304908,0.26627284013276487,0.4388546058575708,0.0
0.031214903143046663,0.2662728401327661,0.4388546058575704,0.0
0.03121490314304695,0.2662728401327665,0.4388546058575691,0.0
0.03121490314304695,0.26627284013276775,0.4388546058575685,0.0
0.03121490314304695,0.2662728401327664,0.438854605857567,0.0
0.03121490314304695,0.2662728401327661,0.4388546058575694,0.0
0.031214903143049033,0.2662728401327653,0.43885460585757013,0.0
0.031214903143046327,0.2662728401327679,0.43885460585756797,0.0
0.031214903143047208,0.2662728401327673,0.4388546058575689,0.0
0.031214903143046185,0.2662728401327674,0.43885460585756797,0.0
0.031214903143050556,0.26627284013276714,0.43885460585756764,0.0
0.031214903143050535,0.2662728401327665,0.4388546058575695,0.0
0.0,0.0,0.727250643768067,0.0
0.0,0.0,0.7272506437680456,0.0
0.0,0.0,0.7272506437680478,0.0
0.0,0.0,0.7272506437680518,0.0
0.0,0.0,0.7272506437680497,0.0
0.031214903143047246,0.5493503930458808,0.0,0.0
0.031214903143046684,0.5493503930458812,0.0,0.0
0.03121490314304695,0.5493503930458814,0.0,0.0
0.031214903143047392,0.5493503930458813,0.0,0.0
0.03121490314304812,0.5493503930458814,0.0,0.0
0.031214903143047246,0.26627284013276364,0.43885460585757313,0.0
0.03121490314304695,0.2662728401327662,0.438854605857568,0.0
0.031214903143047246,0.2662728401327661,0.4388546058575694,0.0
0.03121490314304695,0.2662728401327655,0.4388546058575713,0.0
0.031214903143049734,0.2662728401327599,0.4388546058575726,0.0
0.031214903143047174,0.2662728401327666,0.43885460585756864,0.0
0.03121490314304685,0.2662728401327671,0.4388546058575682,0.0
0.031214903143047475,0.2662728401327669,0.43885460585756736,0.0
0.03121490314305021,0.26627284013276786,0.43885460585756453,0.0
0.0312149031430472,0.2662728401327666,0.4388546058575696,0.0
0.031214903143045945,0.26627284013276725,0.4388546058575697,0.0
0.03121490314304908,0.2662728401327663,0.43885460585756747,0.0
0.03121490314304932,0.2662728401327669,0.4388546058575674,0.0
0.031214903143047503,0.2662728401327669,0.43885460585756797,0.0
0.031214903143048412,0.26627284013276475,0.43885460585757224,0.0
0.031214903143044044,0.2662728401327678,0.4388546058575708,0.0
0.031214903143045647,0.26627284013276586,0.4388546058575693,0.0
0.031214903143045484,0.2662728401327671,0.4388546058575698,0.0
0.031214903143047864,0.2662728401327671,0.43885460585756847,0.0
0.031214903143048728,0.2662728401327669,0.4388546058575661,0.0
0.29651579134796885,0.0,0.4388546058575732,0.0
0.6492184178468692,0.0,0.0,0.0
0.6492184178468694,0.0,0.0,0.0
0.6492184178468691,0.0,0.0,0.0
0.6492184178468693,0.0,0.0,0.0
0.2965157913479694,0.0,0.4388546058575732,0.0
0.29651579134797,0.0,0.43885460585757297,0.0
0.2965157913479685,0.0,0.43885460585757363,0.0
0.2965157913479718,0.0,0.43885460585757186,0.0
0.296515791347968,0.0,0.43885460585757397,0.0
0.29651579134796946,0.0,0.4388546058575732,0.0
0.2965157913479696,0.0,0.4388546058575729,0.0
0.29651579134796946,0.0,0.4388546058575731,0.0
0.29651579134796885,0.0,0.438854605857574,0.0
0.2965157913479698,0.0,0.43885460585757297,0.0
0.0,0.0,0.7272506437680346,0.0
0.0,0.0,0.7272506437680475,0.0
0.0,0.0,0.7272506437680457,0.0
0.0,0.0,0.7272506437680445,0.0
0.0,0.0,0.7272506437680518,0.0
0.0,0.0,0.7272506437680498,0.0
0.0,0.0,0.7272506437680475,0.0
0.0,0.0,0.7272506437680483,0.0
0.0,0.0,0.7272506437680522,0.0
0.0,0.0,0.7272506437680372,0.0
0.2965157913479688,0.0,0.43885460585757363,0.0
0.6492184178468692,0.0,0.0,0.0
0.6492184178468695,0.0,0.0,0.0
0.6492184178468695,0.0,0.0,0.0
0.6492184178468693,0.0,0.0,0.0
0.29651579134797035,0.0,0.43885460585757174,0.0
0.2965157913479708,0.0,0.4388546058575714,0.0
0.2965157913479696,0.0,0.43885460585757263,0.0
0.2965157913479679,0.0,0.4388546058575746,0.0
0.2965157913479685,0.0,0.4388546058575732,0.0
0.2965157913479694,0.0,0.4388546058575729,0.0
0.29651579134796935,0.0,0.43885460585757297,0.0
0.2965157913479692,0.0,0.4388546058575732,0.0
0.2965157913479717,0.0,0.438854605857571,0.0
0.29651579134798167,0.0,0.43885460585757063,0.0
0.0,0.0,0.727250643768048,0.0
0.0,0.0,0.7272506437680449,0.0
0.0,0.0,0.7272506437680457,0.0
0.0,0.0,0.7272506437680453,0.0
0.0,0.0,0.7272506437680618,0.0
0.0,0.0,0.7272506437680494,0.0
0.0,0.0,0.7272506437680509,0.0
0.0,0.0,0.7272506437680479,0.0
0.0,0.0,0.7272506437680529,0.0
0.0,0.0,0.7272506437680567,0.0
0.03121490314304506,0.2662728401327681,0.4388546058575677,0.0
0.03121490314304695,0.26627284013276553,0.4388546058575726,0.0
0.031214903143047736,0.2662728401327647,0.4388546058575713,0.0
0.03121490314304631,0.2662728401327664,0.4388546058575697,0.0
0.031214903143046507,0.266272840132767,0.4388546058575679,0.0
0.03121490314304695,0.2662728401327668,0.43885460585756875,0.0
0.031214903143046775,0.26627284013276636,0.43885460585756997,0.0
0.03121490314304695,0.26627284013276653,0.4388546058575685,0.0
0.031214903143046403,0.2662728401327638,0.43885460585757363,0.0
0.03121490314305068,0.2662728401327662,0.43885460585756686,0.0
0.03121490314304695,0.26627284013276625,0.4388546058575686,0.0
0.03121490314304695,0.2662728401327656,0.4388546058575692,0.0
0.03121490314304803,0.2662728401327673,0.43885460585756686,0.0
0.031214903143046105,0.2662728401327664,0.43885460585757013,0.0
0.031214903143046112,0.26627284013276725,0.43885460585756814,0.0
0.03121490314304695,0.26627284013276714,0.43885460585756814,0.0
0.031214903143047184,0.2662728401327675,0.4388546058575681,0.0
0.031214903143045897,0.26627284013276703,0.438854605857571,0.0
0.031214903143048433,0.2662728401327674,0.43885460585756636,0.0
0.031214903143047427,0.2662728401327661,0.43885460585756914,0.0
0.0,0.0,0.7272506437680488,0.0
0.0,0.0,0.7272506437680502,0.0
0.0,0.0,0.7272506437680527,0.0
0.0,0.0,0.7272506437680489,0.0
0.0,0.0,0.7272506437680505,0.0
0.031214903143047246,0.2662728401327675,0.4388546058575672,0.0
0.031214903143046955,0.26627284013276764,0.43885460585756814,0.0
0.03121490314304367,0.2662728401327659,0.43885460585757496,0.0
0.031214903143046927,0.2662728401327676,0.4388546058575672,0.0
0.03121490314304695,0.2662728401327649,0.4388546058575726,0.0
0.031214903143046965,0.26627284013276714,0.4388546058575683,0.0
0.03121490314304725,0.26627284013276675,0.4388546058575685,0.0
0.03121490314304721,0.26627284013276725,0.4388546058575695,0.0
0.031214903143046133,0.2662728401327655,0.4388546058575707,0.0
0.031214903143046757,0.26627284013276653,0.43885460585756936,0.0
0.03121490314304695,0.2662728401327668,0.4388546058575691,0.0
0.03121490314304695,0.2662728401327669,0.4388546058575685,0.0
0.03121490314304681,0.2662728401327669,0.4388546058575685,0.0
0.0312149031430472,0.26627284013276703,0.438854605857568,0.0
0.03121490314304681,0.2662728401327656,0.4388546058575716,0.0
0.03121490314304695,0.2662728401327676,0.43885460585756897,0.0
0.03121490314304695,0.26627284013276625,0.43885460585756886,0.0
0.03121490314304695,0.2662728401327664,0.4388546058575686,0.0
0.031214903143047163,0.26627284013276603,0.43885460585756847,0.0
0.0312149031430472,0.26627284013276664,0.43885460585756864,0.0
0.0,0.0,0.7272506437680474,0.0
0.0,0.0,0.7272506437680514,0.0
0.0,0.0,0.7272506437680486,0.0
0.0,0.0,0.7272506437680434,0.0
0.0,0.0,0.7272506437680543,0.0
0.03121490314304727,0.2662728401327658,0.43885460585756975,0.0
0.031214903143047028,0.26627284013276514,0.43885460585757147,0.0
0.03121490314304695,0.26627284013276625,0.43885460585756964,0.0
0.031214903143048332,0.5493503930458798,0.0,0.0
0.03121490314304695,0.5493503930458807,0.0,0.0
0.03121490314304593,0.2662728401327655,0.4388546058575699,0.0
0.031214903143048207,0.2662728401327661,0.4388546058575699,0.0
0.031214903143048225,0.266272840132764,0.43885460585757224,0.0
0.031214903143048044,0.26627284013276437,0.43885460585757197,0.0
0.031214903143047507,0.2662728401327652,0.43885460585757097,0.0
0.031214903143045966,0.2662728401327655,0.4388546058575699,0.0
0.03121490314304617,0.26627284013276603,0.4388546058575685,0.0
0.031214903143046396,0.26627284013276775,0.438854605857569,0.0
0.03121490314304695,0.2662728401327667,0.43885460585756814,0.0
0.03121490314304809,0.26627284013276675,0.4388546058575679,0.0
0.03121490314304695,0.2662728401327667,0.43885460585756875,0.0
0.031214903143046927,0.26627284013276575,0.4388546058575701,0.0
0.031214903143045772,0.26627284013276703,0.4388546058575679,0.0
0.03121490314304765,0.2662728401327656,0.438854605857571,0.0
0.031214903143048412,0.26627284013276487,0.4388546058575719,0.0
0.03121490314304695,0.2662728401327668,0.4388546058575686,0.0
0.03121490314304601,0.26627284013276586,0.4388546058575698,0.0
0.03121490314304821,0.2662728401327673,0.43885460585756697,0.0
0.031214903143046025,0.26627284013276636,0.4388546058575704,0.0
0.031214903143045196,0.2662728401327675,0.438854605857567,0.0
